-- phpMyAdmin SQL Dump
-- version 5.1.1
-- https://www.phpmyadmin.net/
--
-- Host: 127.0.0.1
-- Generation Time: Aug 14, 2024 at 09:11 AM
-- Server version: 10.4.22-MariaDB
-- PHP Version: 7.4.27

SET SQL_MODE = "NO_AUTO_VALUE_ON_ZERO";
START TRANSACTION;
SET time_zone = "+00:00";


/*!40101 SET @OLD_CHARACTER_SET_CLIENT=@@CHARACTER_SET_CLIENT */;
/*!40101 SET @OLD_CHARACTER_SET_RESULTS=@@CHARACTER_SET_RESULTS */;
/*!40101 SET @OLD_COLLATION_CONNECTION=@@COLLATION_CONNECTION */;
/*!40101 SET NAMES utf8mb4 */;

--
-- Database: `spk-ahp`
--

-- --------------------------------------------------------

--
-- Table structure for table `app_set`
--

CREATE TABLE `app_set` (
  `id` int(11) NOT NULL,
  `app_name` varchar(150) NOT NULL,
  `app_title` varchar(100) NOT NULL,
  `dashboard_desc` varchar(250) NOT NULL,
  `jenis_perhitungan` enum('hitung','hitung2') NOT NULL,
  `persentase_diterima` int(2) NOT NULL,
  `last_updated` int(11) NOT NULL
) ENGINE=InnoDB DEFAULT CHARSET=utf8;

--
-- Dumping data for table `app_set`
--

INSERT INTO `app_set` (`id`, `app_name`, `app_title`, `dashboard_desc`, `jenis_perhitungan`, `persentase_diterima`, `last_updated`) VALUES
(1, 'Penentuan Karyawan Terbaik Dengan Model Analytic  Hierarchy Process (AHP) Di PT Astra Honda Motor', 'PT. Astra Honda Motor', 'di Sistem Pendukung Keputusan (SPK) untuk Penentuan Pemilihan Karyawan Terbaik \r\n<br> \r\nDengan Model Analytic Hierarchy Process (AHP) Di PT Astra Honda Motor', 'hitung', 75, 0);

-- --------------------------------------------------------

--
-- Table structure for table `master_tbl`
--

CREATE TABLE `master_tbl` (
  `nomor` int(11) UNSIGNED NOT NULL,
  `nama_tbl` varchar(20) NOT NULL,
  `nm_tmp` varchar(30) NOT NULL,
  `icon` varchar(25) NOT NULL,
  `tabel` text NOT NULL,
  `kategori` varchar(20) NOT NULL,
  `min_lvl` char(1) NOT NULL,
  `tampil` char(1) NOT NULL
) ENGINE=InnoDB DEFAULT CHARSET=utf8;

--
-- Dumping data for table `master_tbl`
--

INSERT INTO `master_tbl` (`nomor`, `nama_tbl`, `nm_tmp`, `icon`, `tabel`, `kategori`, `min_lvl`, `tampil`) VALUES
(1, 'mst_akun', 'Master Users', '', '{\"id\":{\"jns\":\"int(11)\",\"pk\":\"Y\",\"ai\":\"Y\",\"ref\":\"\",\"edt\":\"1\"},\"username\":{\"jns\":\"varchar(20)\",\"pk\":\"N\",\"ai\":\"N\",\"ref\":\"\",\"edt\":\"0\"},\"password\":{\"jns\":\"varchar(40)\",\"pk\":\"N\",\"ai\":\"N\",\"ref\":\"\",\"edt\":\"4\"},\"full_name\":{\"jns\":\"varchar(20)\",\"pk\":\"N\",\"ai\":\"N\",\"ref\":\"\",\"edt\":\"0\"},\"level\":{\"jns\":\"char(1)\",\"pk\":\"N\",\"ai\":\"N\",\"ref\":\"\",\"edt\":\"0\"},\"rules\":{\"jns\":\"text()\",\"pk\":\"N\",\"ai\":\"N\",\"ref\":\"\",\"edt\":\"0\"}}', 'Users', '9', 'Y'),
(2, 'mst_kat', 'Master Category', '', '{\"nomor\":{\"jns\":\"int(11)\",\"pk\":\"Y\",\"ai\":\"Y\",\"ref\":\"\",\"edt\":\"1\"},\"kategori\":{\"jns\":\"varchar(30)\",\"pk\":\"N\",\"ai\":\"N\",\"ref\":\"\",\"edt\":\"0\"}}', 'Reference', '9', 'Y'),
(3, 'mst_profil', 'Master Profile', '', '{\"id\":{\"jns\":\"varchar(20)\",\"pk\":\"Y\",\"ai\":\"N\",\"ref\":\"\",\"edt\":\"0\"},\"ins_name\":{\"jns\":\"varchar(50)\",\"pk\":\"N\",\"ai\":\"N\",\"ref\":\"\",\"edt\":\"0\"},\"address\":{\"jns\":\"varchar(80)\",\"pk\":\"N\",\"ai\":\"N\",\"ref\":\"\",\"edt\":\"6\"},\"phone_number\":{\"jns\":\"varchar(15)\",\"pk\":\"N\",\"ai\":\"N\",\"ref\":\"\",\"edt\":\"0\"},\"standing_date\":{\"jns\":\"int(11)\",\"pk\":\"N\",\"ai\":\"N\",\"ref\":\"\",\"edt\":\"2\"},\"founder\":{\"jns\":\"varchar(50)\",\"pk\":\"N\",\"ai\":\"N\",\"ref\":\"\",\"edt\":\"0\"},\"ceo\":{\"jns\":\"varchar(50)\",\"pk\":\"N\",\"ai\":\"N\",\"ref\":\"\",\"edt\":\"0\"},\"description\":{\"jns\":\"varchar(100)\",\"pk\":\"N\",\"ai\":\"N\",\"ref\":\"\",\"edt\":\"0\"},\"logo\":{\"jns\":\"varchar(100)\",\"pk\":\"N\",\"ai\":\"N\",\"ref\":\"\",\"edt\":\"5\"}}', 'Reference', '9', 'Y'),
(4, 'tbl_alternatif', 'Alternatif', 'simple-icon-notebook', '{\"id\":{\"jns\":\"VARCHAR(16)\",\"pk\":\"Y\",\"ai\":\"\",\"ref\":\"\",\"edt\":\"0\"},\"nama\":{\"jns\":\"VARCHAR(40)\",\"pk\":\"\",\"ai\":\"\",\"ref\":\"\",\"edt\":\"0\"},\"tgl_input\":{\"jns\":\"INT(11)\",\"pk\":\"\",\"ai\":\"\",\"ref\":\"\",\"edt\":\"2\"}}', 'Master Data', '9', 'Y'),
(5, 'tbl_kriteria', 'Kriteria', 'simple-icon-notebook', '{\"id_kriteria\":{\"jns\":\"INT(11)\",\"pk\":\"Y\",\"ai\":\"Y\",\"ref\":\"\",\"edt\":\"1\"},\"nama_kriteria\":{\"jns\":\"VARCHAR(40)\",\"pk\":\"\",\"ai\":\"\",\"ref\":\"\",\"edt\":\"0\"},\"bobot\":{\"jns\":\"INT(2)\",\"pk\":\"\",\"ai\":\"\",\"ref\":\"\",\"edt\":\"1\"}}', 'Master Data', '9', 'Y'),
(6, 'tbl_bobotk', 'Bobot Kriteria', 'simple-icon-notebook', '{\"no\":{\"jns\":\"INT(11)\",\"pk\":\"Y\",\"ai\":\"Y\",\"ref\":\"\",\"edt\":\"1\"},\"kriteria1\":{\"jns\":\"INT(11)\",\"pk\":\"\",\"ai\":\"\",\"ref\":{\"tblr\":\"tbl_kriteria\",\"tmpr\":\"nama_kriteria\"},\"edt\":\"7\"},\"kriteria2\":{\"jns\":\"INT(11)\",\"pk\":\"\",\"ai\":\"\",\"ref\":{\"tblr\":\"tbl_kriteria\",\"tmpr\":\"nama_kriteria\"},\"edt\":\"7\"},\"bobot\":{\"jns\":\"DOUBLE\",\"pk\":\"\",\"ai\":\"\",\"ref\":\"\",\"edt\":\"1\"}}', 'Master Data', '9', 'Y'),
(7, 'tbl_penilaian', 'Penilaian', 'simple-icon-notebook', '{\"kd_penilaian\":{\"jns\":\"INT(11)\",\"pk\":\"Y\",\"ai\":\"Y\",\"ref\":\"\",\"edt\":\"1\"},\"tanggal\":{\"jns\":\"INT(11)\",\"pk\":\"\",\"ai\":\"\",\"ref\":\"\",\"edt\":\"2\"},\"total_nilai\":{\"jns\":\"INT(11)\",\"pk\":\"\",\"ai\":\"\",\"ref\":\"\",\"edt\":\"1\"},\"keterangan\":{\"jns\":\"VARCHAR(100)\",\"pk\":\"\",\"ai\":\"\",\"ref\":\"\",\"edt\":\"0\"}}', 'Master Data', '9', 'Y'),
(8, 'tbl_bobotalt', 'Bobot Alternatif', 'simple-icon-notebook', '{\"no\":{\"jns\":\"INT(11)\",\"pk\":\"Y\",\"ai\":\"Y\",\"ref\":\"\",\"edt\":\"1\"},\"kriteria\":{\"jns\":\"INT(11)\",\"pk\":\"\",\"ai\":\"\",\"ref\":{\"tblr\":\"tbl_kriteria\",\"tmpr\":\"nama_kriteria\"},\"edt\":\"7\"},\"alternatif1\":{\"jns\":\"VARCHAR(16)\",\"pk\":\"\",\"ai\":\"\",\"ref\":{\"tblr\":\"tbl_masyarakat\",\"tmpr\":\"nama\"},\"edt\":\"7\"},\"alternatif2\":{\"jns\":\"VARCHAR(16)\",\"pk\":\"\",\"ai\":\"\",\"ref\":{\"tblr\":\"tbl_masyarakat\",\"tmpr\":\"nama\"},\"edt\":\"7\"},\"bobot\":{\"jns\":\"DOUBLE\",\"pk\":\"\",\"ai\":\"\",\"ref\":\"\",\"edt\":\"1\"}}', 'Master Data', '9', 'N'),
(9, 'tbl_submas', 'Kriteria Alternatif', '', '{\"no\":{\"jns\":\"INT(11)\",\"pk\":\"Y\",\"ai\":\"Y\",\"ref\":\"\",\"edt\":\"1\"},\"id\":{\"jns\":\"VARCHAR(16)\",\"pk\":\"\",\"ai\":\"\",\"ref\":{\"tblr\":\"tbl_alternatif\",\"tmpr\":\"nama\"},\"edt\":\"7\"},\"kriteria\":{\"jns\":\"INT(11)\",\"pk\":\"\",\"ai\":\"\",\"ref\":{\"tblr\":\"tbl_kriteria\",\"tmpr\":\"nama_kriteria\"},\"edt\":\"7\"},\"bobot\":{\"jns\":\"DOUBLE\",\"pk\":\"\",\"ai\":\"\",\"ref\":\"\",\"edt\":\"1\"}}', 'Master Data', '9', 'Y'),
(10, 'tbl_subk', 'Sub Kriteria', '', '{\"no\":{\"jns\":\"INT(11)\",\"pk\":\"Y\",\"ai\":\"Y\",\"ref\":\"\",\"edt\":\"1\"},\"kriteria\":{\"jns\":\"INT(11)\",\"pk\":\"\",\"ai\":\"\",\"ref\":{\"tblr\":\"tbl_kriteria\",\"tmpr\":\"nama_kriteria\"},\"edt\":\"7\"},\"nama_sub\":{\"jns\":\"VARCHAR(40)\",\"pk\":\"\",\"ai\":\"\",\"ref\":\"\",\"edt\":\"0\"},\"bobot\":{\"jns\":\"DOUBLE\",\"pk\":\"\",\"ai\":\"\",\"ref\":\"\",\"edt\":\"0\"}}', 'Master Data', '9', 'Y');

-- --------------------------------------------------------

--
-- Table structure for table `mst_akun`
--

CREATE TABLE `mst_akun` (
  `id` int(11) UNSIGNED NOT NULL,
  `username` varchar(20) NOT NULL,
  `password` varchar(40) NOT NULL,
  `full_name` varchar(20) NOT NULL,
  `level` char(1) NOT NULL,
  `rules` text NOT NULL
) ENGINE=InnoDB DEFAULT CHARSET=utf8;

--
-- Dumping data for table `mst_akun`
--

INSERT INTO `mst_akun` (`id`, `username`, `password`, `full_name`, `level`, `rules`) VALUES
(1, 'admin', 'k6E9', 'Admin Sistem', '9', ''),
(2, 'andri', 'k0EO', 'Andriansyah', '1', 'Hak akses untuk melihat data pribadi, melihat kriteria evaluasi, dan mengirim proposal.');

-- --------------------------------------------------------

--
-- Table structure for table `tbl_alternatif`
--

CREATE TABLE `tbl_alternatif` (
  `id` varchar(16) NOT NULL,
  `nama` varchar(40) DEFAULT NULL,
  `alamat` varchar(100) NOT NULL,
  `tgl_input` int(11) DEFAULT NULL
) ENGINE=InnoDB DEFAULT CHARSET=utf8;

--
-- Dumping data for table `tbl_alternatif`
--

INSERT INTO `tbl_alternatif` (`id`, `nama`, `alamat`, `tgl_input`) VALUES
('100043', 'Reo Vebriantoro', '', 1721754000),
('114881', 'Andriansyah', '', 1721667600),
('116014', 'Agung Valentino', '', 1721754000),
('116020', 'Khaerul Anwar', '', 1721754000),
('118382', 'Gilang Ramadhan Abidin', '', 1721754000),
('120280', 'Prima Rimbatan', '', 1721754000),
('120541', 'Ahmad Soleh', '', 1721754000),
('120831', 'Azmi Ihsan Muttaqien', '', 1721754000),
('120833', 'Mario Julius', '', 1721754000),
('121461', 'Erlangga Putra Buana', '', 1721754000);

--
-- Triggers `tbl_alternatif`
--
DELIMITER $$
CREATE TRIGGER `hapus` BEFORE DELETE ON `tbl_alternatif` FOR EACH ROW BEGIN
DELETE FROM tbl_submas WHERE tbl_submas.id=old.id;
DELETE FROM tbl_bobotalt WHERE tbl_bobotalt.alternatif1=old.id or tbl_bobotalt.alternatif2=old.id;
END
$$
DELIMITER ;

-- --------------------------------------------------------

--
-- Table structure for table `tbl_bobotalt`
--

CREATE TABLE `tbl_bobotalt` (
  `no` int(11) NOT NULL,
  `kriteria` int(11) DEFAULT NULL,
  `alternatif1` varchar(16) DEFAULT NULL,
  `alternatif2` varchar(16) DEFAULT NULL,
  `bobot` double DEFAULT NULL
) ENGINE=InnoDB DEFAULT CHARSET=utf8;

--
-- Dumping data for table `tbl_bobotalt`
--

INSERT INTO `tbl_bobotalt` (`no`, `kriteria`, `alternatif1`, `alternatif2`, `bobot`) VALUES
(1994, 1, '100043', '100043', 1),
(1995, 1, '100043', '114881', 1),
(1996, 1, '100043', '116014', 1.6666666666667),
(1997, 1, '100043', '116020', 1),
(1998, 1, '100043', '118382', 1),
(1999, 1, '100043', '120280', 1.6666666666667),
(2000, 1, '100043', '120541', 1),
(2001, 1, '100043', '120831', 1),
(2002, 1, '100043', '120833', 1),
(2003, 1, '100043', '121461', 1),
(2004, 1, '114881', '100043', 1),
(2005, 1, '114881', '114881', 1),
(2006, 1, '114881', '116014', 1.6666666666667),
(2007, 1, '114881', '116020', 1),
(2008, 1, '114881', '118382', 1),
(2009, 1, '114881', '120280', 1.6666666666667),
(2010, 1, '114881', '120541', 1),
(2011, 1, '114881', '120831', 1),
(2012, 1, '114881', '120833', 1),
(2013, 1, '114881', '121461', 1),
(2014, 1, '116014', '100043', 0.6),
(2015, 1, '116014', '114881', 0.6),
(2016, 1, '116014', '116014', 1),
(2017, 1, '116014', '116020', 0.6),
(2018, 1, '116014', '118382', 0.6),
(2019, 1, '116014', '120280', 1),
(2020, 1, '116014', '120541', 0.6),
(2021, 1, '116014', '120831', 0.6),
(2022, 1, '116014', '120833', 0.6),
(2023, 1, '116014', '121461', 0.6),
(2024, 1, '116020', '100043', 1),
(2025, 1, '116020', '114881', 1),
(2026, 1, '116020', '116014', 1.6666666666667),
(2027, 1, '116020', '116020', 1),
(2028, 1, '116020', '118382', 1),
(2029, 1, '116020', '120280', 1.6666666666667),
(2030, 1, '116020', '120541', 1),
(2031, 1, '116020', '120831', 1),
(2032, 1, '116020', '120833', 1),
(2033, 1, '116020', '121461', 1),
(2034, 1, '118382', '100043', 1),
(2035, 1, '118382', '114881', 1),
(2036, 1, '118382', '116014', 1.6666666666667),
(2037, 1, '118382', '116020', 1),
(2038, 1, '118382', '118382', 1),
(2039, 1, '118382', '120280', 1.6666666666667),
(2040, 1, '118382', '120541', 1),
(2041, 1, '118382', '120831', 1),
(2042, 1, '118382', '120833', 1),
(2043, 1, '118382', '121461', 1),
(2044, 1, '120280', '100043', 0.6),
(2045, 1, '120280', '114881', 0.6),
(2046, 1, '120280', '116014', 1),
(2047, 1, '120280', '116020', 0.6),
(2048, 1, '120280', '118382', 0.6),
(2049, 1, '120280', '120280', 1),
(2050, 1, '120280', '120541', 0.6),
(2051, 1, '120280', '120831', 0.6),
(2052, 1, '120280', '120833', 0.6),
(2053, 1, '120280', '121461', 0.6),
(2054, 1, '120541', '100043', 1),
(2055, 1, '120541', '114881', 1),
(2056, 1, '120541', '116014', 1.6666666666667),
(2057, 1, '120541', '116020', 1),
(2058, 1, '120541', '118382', 1),
(2059, 1, '120541', '120280', 1.6666666666667),
(2060, 1, '120541', '120541', 1),
(2061, 1, '120541', '120831', 1),
(2062, 1, '120541', '120833', 1),
(2063, 1, '120541', '121461', 1),
(2064, 1, '120831', '100043', 1),
(2065, 1, '120831', '114881', 1),
(2066, 1, '120831', '116014', 1.6666666666667),
(2067, 1, '120831', '116020', 1),
(2068, 1, '120831', '118382', 1),
(2069, 1, '120831', '120280', 1.6666666666667),
(2070, 1, '120831', '120541', 1),
(2071, 1, '120831', '120831', 1),
(2072, 1, '120831', '120833', 1),
(2073, 1, '120831', '121461', 1),
(2074, 1, '120833', '100043', 1),
(2075, 1, '120833', '114881', 1),
(2076, 1, '120833', '116014', 1.6666666666667),
(2077, 1, '120833', '116020', 1),
(2078, 1, '120833', '118382', 1),
(2079, 1, '120833', '120280', 1.6666666666667),
(2080, 1, '120833', '120541', 1),
(2081, 1, '120833', '120831', 1),
(2082, 1, '120833', '120833', 1),
(2083, 1, '120833', '121461', 1),
(2084, 1, '121461', '100043', 1),
(2085, 1, '121461', '114881', 1),
(2086, 1, '121461', '116014', 1.6666666666667),
(2087, 1, '121461', '116020', 1),
(2088, 1, '121461', '118382', 1),
(2089, 1, '121461', '120280', 1.6666666666667),
(2090, 1, '121461', '120541', 1),
(2091, 1, '121461', '120831', 1),
(2092, 1, '121461', '120833', 1),
(2093, 1, '121461', '121461', 1),
(2094, 2, '100043', '100043', 1),
(2095, 2, '100043', '114881', 0.6),
(2096, 2, '100043', '116014', 1),
(2097, 2, '100043', '116020', 3),
(2098, 2, '100043', '118382', 0.6),
(2099, 2, '100043', '120280', 1),
(2100, 2, '100043', '120541', 1),
(2101, 2, '100043', '120831', 0.75),
(2102, 2, '100043', '120833', 0.75),
(2103, 2, '100043', '121461', 1),
(2104, 2, '114881', '100043', 1.6666666666667),
(2105, 2, '114881', '114881', 1),
(2106, 2, '114881', '116014', 1.6666666666667),
(2107, 2, '114881', '116020', 5),
(2108, 2, '114881', '118382', 1),
(2109, 2, '114881', '120280', 1.6666666666667),
(2110, 2, '114881', '120541', 1.6666666666667),
(2111, 2, '114881', '120831', 1.25),
(2112, 2, '114881', '120833', 1.25),
(2113, 2, '114881', '121461', 1.6666666666667),
(2114, 2, '116014', '100043', 1),
(2115, 2, '116014', '114881', 0.6),
(2116, 2, '116014', '116014', 1),
(2117, 2, '116014', '116020', 3),
(2118, 2, '116014', '118382', 0.6),
(2119, 2, '116014', '120280', 1),
(2120, 2, '116014', '120541', 1),
(2121, 2, '116014', '120831', 0.75),
(2122, 2, '116014', '120833', 0.75),
(2123, 2, '116014', '121461', 1),
(2124, 2, '116020', '100043', 0.33333333333333),
(2125, 2, '116020', '114881', 0.2),
(2126, 2, '116020', '116014', 0.33333333333333),
(2127, 2, '116020', '116020', 1),
(2128, 2, '116020', '118382', 0.2),
(2129, 2, '116020', '120280', 0.33333333333333),
(2130, 2, '116020', '120541', 0.33333333333333),
(2131, 2, '116020', '120831', 0.25),
(2132, 2, '116020', '120833', 0.25),
(2133, 2, '116020', '121461', 0.33333333333333),
(2134, 2, '118382', '100043', 1.6666666666667),
(2135, 2, '118382', '114881', 1),
(2136, 2, '118382', '116014', 1.6666666666667),
(2137, 2, '118382', '116020', 5),
(2138, 2, '118382', '118382', 1),
(2139, 2, '118382', '120280', 1.6666666666667),
(2140, 2, '118382', '120541', 1.6666666666667),
(2141, 2, '118382', '120831', 1.25),
(2142, 2, '118382', '120833', 1.25),
(2143, 2, '118382', '121461', 1.6666666666667),
(2144, 2, '120280', '100043', 1),
(2145, 2, '120280', '114881', 0.6),
(2146, 2, '120280', '116014', 1),
(2147, 2, '120280', '116020', 3),
(2148, 2, '120280', '118382', 0.6),
(2149, 2, '120280', '120280', 1),
(2150, 2, '120280', '120541', 1),
(2151, 2, '120280', '120831', 0.75),
(2152, 2, '120280', '120833', 0.75),
(2153, 2, '120280', '121461', 1),
(2154, 2, '120541', '100043', 1),
(2155, 2, '120541', '114881', 0.6),
(2156, 2, '120541', '116014', 1),
(2157, 2, '120541', '116020', 3),
(2158, 2, '120541', '118382', 0.6),
(2159, 2, '120541', '120280', 1),
(2160, 2, '120541', '120541', 1),
(2161, 2, '120541', '120831', 0.75),
(2162, 2, '120541', '120833', 0.75),
(2163, 2, '120541', '121461', 1),
(2164, 2, '120831', '100043', 1.3333333333333),
(2165, 2, '120831', '114881', 0.8),
(2166, 2, '120831', '116014', 1.3333333333333),
(2167, 2, '120831', '116020', 4),
(2168, 2, '120831', '118382', 0.8),
(2169, 2, '120831', '120280', 1.3333333333333),
(2170, 2, '120831', '120541', 1.3333333333333),
(2171, 2, '120831', '120831', 1),
(2172, 2, '120831', '120833', 1),
(2173, 2, '120831', '121461', 1.3333333333333),
(2174, 2, '120833', '100043', 1.3333333333333),
(2175, 2, '120833', '114881', 0.8),
(2176, 2, '120833', '116014', 1.3333333333333),
(2177, 2, '120833', '116020', 4),
(2178, 2, '120833', '118382', 0.8),
(2179, 2, '120833', '120280', 1.3333333333333),
(2180, 2, '120833', '120541', 1.3333333333333),
(2181, 2, '120833', '120831', 1),
(2182, 2, '120833', '120833', 1),
(2183, 2, '120833', '121461', 1.3333333333333),
(2184, 2, '121461', '100043', 1),
(2185, 2, '121461', '114881', 0.6),
(2186, 2, '121461', '116014', 1),
(2187, 2, '121461', '116020', 3),
(2188, 2, '121461', '118382', 0.6),
(2189, 2, '121461', '120280', 1),
(2190, 2, '121461', '120541', 1),
(2191, 2, '121461', '120831', 0.75),
(2192, 2, '121461', '120833', 0.75),
(2193, 2, '121461', '121461', 1),
(2194, 3, '100043', '100043', 1),
(2195, 3, '100043', '114881', 1),
(2196, 3, '100043', '116014', 1.6666666666667),
(2197, 3, '100043', '116020', 1),
(2198, 3, '100043', '118382', 1.25),
(2199, 3, '100043', '120280', 1.25),
(2200, 3, '100043', '120541', 1),
(2201, 3, '100043', '120831', 1),
(2202, 3, '100043', '120833', 1),
(2203, 3, '100043', '121461', 1),
(2204, 3, '114881', '100043', 1),
(2205, 3, '114881', '114881', 1),
(2206, 3, '114881', '116014', 1.6666666666667),
(2207, 3, '114881', '116020', 1),
(2208, 3, '114881', '118382', 1.25),
(2209, 3, '114881', '120280', 1.25),
(2210, 3, '114881', '120541', 1),
(2211, 3, '114881', '120831', 1),
(2212, 3, '114881', '120833', 1),
(2213, 3, '114881', '121461', 1),
(2214, 3, '116014', '100043', 0.6),
(2215, 3, '116014', '114881', 0.6),
(2216, 3, '116014', '116014', 1),
(2217, 3, '116014', '116020', 0.6),
(2218, 3, '116014', '118382', 0.75),
(2219, 3, '116014', '120280', 0.75),
(2220, 3, '116014', '120541', 0.6),
(2221, 3, '116014', '120831', 0.6),
(2222, 3, '116014', '120833', 0.6),
(2223, 3, '116014', '121461', 0.6),
(2224, 3, '116020', '100043', 1),
(2225, 3, '116020', '114881', 1),
(2226, 3, '116020', '116014', 1.6666666666667),
(2227, 3, '116020', '116020', 1),
(2228, 3, '116020', '118382', 1.25),
(2229, 3, '116020', '120280', 1.25),
(2230, 3, '116020', '120541', 1),
(2231, 3, '116020', '120831', 1),
(2232, 3, '116020', '120833', 1),
(2233, 3, '116020', '121461', 1),
(2234, 3, '118382', '100043', 0.8),
(2235, 3, '118382', '114881', 0.8),
(2236, 3, '118382', '116014', 1.3333333333333),
(2237, 3, '118382', '116020', 0.8),
(2238, 3, '118382', '118382', 1),
(2239, 3, '118382', '120280', 1),
(2240, 3, '118382', '120541', 0.8),
(2241, 3, '118382', '120831', 0.8),
(2242, 3, '118382', '120833', 0.8),
(2243, 3, '118382', '121461', 0.8),
(2244, 3, '120280', '100043', 0.8),
(2245, 3, '120280', '114881', 0.8),
(2246, 3, '120280', '116014', 1.3333333333333),
(2247, 3, '120280', '116020', 0.8),
(2248, 3, '120280', '118382', 1),
(2249, 3, '120280', '120280', 1),
(2250, 3, '120280', '120541', 0.8),
(2251, 3, '120280', '120831', 0.8),
(2252, 3, '120280', '120833', 0.8),
(2253, 3, '120280', '121461', 0.8),
(2254, 3, '120541', '100043', 1),
(2255, 3, '120541', '114881', 1),
(2256, 3, '120541', '116014', 1.6666666666667),
(2257, 3, '120541', '116020', 1),
(2258, 3, '120541', '118382', 1.25),
(2259, 3, '120541', '120280', 1.25),
(2260, 3, '120541', '120541', 1),
(2261, 3, '120541', '120831', 1),
(2262, 3, '120541', '120833', 1),
(2263, 3, '120541', '121461', 1),
(2264, 3, '120831', '100043', 1),
(2265, 3, '120831', '114881', 1),
(2266, 3, '120831', '116014', 1.6666666666667),
(2267, 3, '120831', '116020', 1),
(2268, 3, '120831', '118382', 1.25),
(2269, 3, '120831', '120280', 1.25),
(2270, 3, '120831', '120541', 1),
(2271, 3, '120831', '120831', 1),
(2272, 3, '120831', '120833', 1),
(2273, 3, '120831', '121461', 1),
(2274, 3, '120833', '100043', 1),
(2275, 3, '120833', '114881', 1),
(2276, 3, '120833', '116014', 1.6666666666667),
(2277, 3, '120833', '116020', 1),
(2278, 3, '120833', '118382', 1.25),
(2279, 3, '120833', '120280', 1.25),
(2280, 3, '120833', '120541', 1),
(2281, 3, '120833', '120831', 1),
(2282, 3, '120833', '120833', 1),
(2283, 3, '120833', '121461', 1),
(2284, 3, '121461', '100043', 1),
(2285, 3, '121461', '114881', 1),
(2286, 3, '121461', '116014', 1.6666666666667),
(2287, 3, '121461', '116020', 1),
(2288, 3, '121461', '118382', 1.25),
(2289, 3, '121461', '120280', 1.25),
(2290, 3, '121461', '120541', 1),
(2291, 3, '121461', '120831', 1),
(2292, 3, '121461', '120833', 1),
(2293, 3, '121461', '121461', 1),
(2294, 4, '100043', '100043', 1),
(2295, 4, '100043', '114881', 1),
(2296, 4, '100043', '116014', 1.6666666666667),
(2297, 4, '100043', '116020', 1.25),
(2298, 4, '100043', '118382', 1),
(2299, 4, '100043', '120280', 2.5),
(2300, 4, '100043', '120541', 5),
(2301, 4, '100043', '120831', 1.6666666666667),
(2302, 4, '100043', '120833', 2.5),
(2303, 4, '100043', '121461', 2.5),
(2304, 4, '114881', '100043', 1),
(2305, 4, '114881', '114881', 1),
(2306, 4, '114881', '116014', 1.6666666666667),
(2307, 4, '114881', '116020', 1.25),
(2308, 4, '114881', '118382', 1),
(2309, 4, '114881', '120280', 2.5),
(2310, 4, '114881', '120541', 5),
(2311, 4, '114881', '120831', 1.6666666666667),
(2312, 4, '114881', '120833', 2.5),
(2313, 4, '114881', '121461', 2.5),
(2314, 4, '116014', '100043', 0.6),
(2315, 4, '116014', '114881', 0.6),
(2316, 4, '116014', '116014', 1),
(2317, 4, '116014', '116020', 0.75),
(2318, 4, '116014', '118382', 0.6),
(2319, 4, '116014', '120280', 1.5),
(2320, 4, '116014', '120541', 3),
(2321, 4, '116014', '120831', 1),
(2322, 4, '116014', '120833', 1.5),
(2323, 4, '116014', '121461', 1.5),
(2324, 4, '116020', '100043', 0.8),
(2325, 4, '116020', '114881', 0.8),
(2326, 4, '116020', '116014', 1.3333333333333),
(2327, 4, '116020', '116020', 1),
(2328, 4, '116020', '118382', 0.8),
(2329, 4, '116020', '120280', 2),
(2330, 4, '116020', '120541', 4),
(2331, 4, '116020', '120831', 1.3333333333333),
(2332, 4, '116020', '120833', 2),
(2333, 4, '116020', '121461', 2),
(2334, 4, '118382', '100043', 1),
(2335, 4, '118382', '114881', 1),
(2336, 4, '118382', '116014', 1.6666666666667),
(2337, 4, '118382', '116020', 1.25),
(2338, 4, '118382', '118382', 1),
(2339, 4, '118382', '120280', 2.5),
(2340, 4, '118382', '120541', 5),
(2341, 4, '118382', '120831', 1.6666666666667),
(2342, 4, '118382', '120833', 2.5),
(2343, 4, '118382', '121461', 2.5),
(2344, 4, '120280', '100043', 0.4),
(2345, 4, '120280', '114881', 0.4),
(2346, 4, '120280', '116014', 0.66666666666667),
(2347, 4, '120280', '116020', 0.5),
(2348, 4, '120280', '118382', 0.4),
(2349, 4, '120280', '120280', 1),
(2350, 4, '120280', '120541', 2),
(2351, 4, '120280', '120831', 0.66666666666667),
(2352, 4, '120280', '120833', 1),
(2353, 4, '120280', '121461', 1),
(2354, 4, '120541', '100043', 0.2),
(2355, 4, '120541', '114881', 0.2),
(2356, 4, '120541', '116014', 0.33333333333333),
(2357, 4, '120541', '116020', 0.25),
(2358, 4, '120541', '118382', 0.2),
(2359, 4, '120541', '120280', 0.5),
(2360, 4, '120541', '120541', 1),
(2361, 4, '120541', '120831', 0.33333333333333),
(2362, 4, '120541', '120833', 0.5),
(2363, 4, '120541', '121461', 0.5),
(2364, 4, '120831', '100043', 0.6),
(2365, 4, '120831', '114881', 0.6),
(2366, 4, '120831', '116014', 1),
(2367, 4, '120831', '116020', 0.75),
(2368, 4, '120831', '118382', 0.6),
(2369, 4, '120831', '120280', 1.5),
(2370, 4, '120831', '120541', 3),
(2371, 4, '120831', '120831', 1),
(2372, 4, '120831', '120833', 1.5),
(2373, 4, '120831', '121461', 1.5),
(2374, 4, '120833', '100043', 0.4),
(2375, 4, '120833', '114881', 0.4),
(2376, 4, '120833', '116014', 0.66666666666667),
(2377, 4, '120833', '116020', 0.5),
(2378, 4, '120833', '118382', 0.4),
(2379, 4, '120833', '120280', 1),
(2380, 4, '120833', '120541', 2),
(2381, 4, '120833', '120831', 0.66666666666667),
(2382, 4, '120833', '120833', 1),
(2383, 4, '120833', '121461', 1),
(2384, 4, '121461', '100043', 0.4),
(2385, 4, '121461', '114881', 0.4),
(2386, 4, '121461', '116014', 0.66666666666667),
(2387, 4, '121461', '116020', 0.5),
(2388, 4, '121461', '118382', 0.4),
(2389, 4, '121461', '120280', 1),
(2390, 4, '121461', '120541', 2),
(2391, 4, '121461', '120831', 0.66666666666667),
(2392, 4, '121461', '120833', 1),
(2393, 4, '121461', '121461', 1),
(2394, 5, '100043', '100043', 1),
(2395, 5, '100043', '114881', 1.25),
(2396, 5, '100043', '116014', 1.25),
(2397, 5, '100043', '116020', 1),
(2398, 5, '100043', '118382', 1),
(2399, 5, '100043', '120280', 1.6666666666667),
(2400, 5, '100043', '120541', 1.25),
(2401, 5, '100043', '120831', 1.6666666666667),
(2402, 5, '100043', '120833', 1.25),
(2403, 5, '100043', '121461', 1.6666666666667),
(2404, 5, '114881', '100043', 0.8),
(2405, 5, '114881', '114881', 1),
(2406, 5, '114881', '116014', 1),
(2407, 5, '114881', '116020', 0.8),
(2408, 5, '114881', '118382', 0.8),
(2409, 5, '114881', '120280', 1.3333333333333),
(2410, 5, '114881', '120541', 1),
(2411, 5, '114881', '120831', 1.3333333333333),
(2412, 5, '114881', '120833', 1),
(2413, 5, '114881', '121461', 1.3333333333333),
(2414, 5, '116014', '100043', 0.8),
(2415, 5, '116014', '114881', 1),
(2416, 5, '116014', '116014', 1),
(2417, 5, '116014', '116020', 0.8),
(2418, 5, '116014', '118382', 0.8),
(2419, 5, '116014', '120280', 1.3333333333333),
(2420, 5, '116014', '120541', 1),
(2421, 5, '116014', '120831', 1.3333333333333),
(2422, 5, '116014', '120833', 1),
(2423, 5, '116014', '121461', 1.3333333333333),
(2424, 5, '116020', '100043', 1),
(2425, 5, '116020', '114881', 1.25),
(2426, 5, '116020', '116014', 1.25),
(2427, 5, '116020', '116020', 1),
(2428, 5, '116020', '118382', 1),
(2429, 5, '116020', '120280', 1.6666666666667),
(2430, 5, '116020', '120541', 1.25),
(2431, 5, '116020', '120831', 1.6666666666667),
(2432, 5, '116020', '120833', 1.25),
(2433, 5, '116020', '121461', 1.6666666666667),
(2434, 5, '118382', '100043', 1),
(2435, 5, '118382', '114881', 1.25),
(2436, 5, '118382', '116014', 1.25),
(2437, 5, '118382', '116020', 1),
(2438, 5, '118382', '118382', 1),
(2439, 5, '118382', '120280', 1.6666666666667),
(2440, 5, '118382', '120541', 1.25),
(2441, 5, '118382', '120831', 1.6666666666667),
(2442, 5, '118382', '120833', 1.25),
(2443, 5, '118382', '121461', 1.6666666666667),
(2444, 5, '120280', '100043', 0.6),
(2445, 5, '120280', '114881', 0.75),
(2446, 5, '120280', '116014', 0.75),
(2447, 5, '120280', '116020', 0.6),
(2448, 5, '120280', '118382', 0.6),
(2449, 5, '120280', '120280', 1),
(2450, 5, '120280', '120541', 0.75),
(2451, 5, '120280', '120831', 1),
(2452, 5, '120280', '120833', 0.75),
(2453, 5, '120280', '121461', 1),
(2454, 5, '120541', '100043', 0.8),
(2455, 5, '120541', '114881', 1),
(2456, 5, '120541', '116014', 1),
(2457, 5, '120541', '116020', 0.8),
(2458, 5, '120541', '118382', 0.8),
(2459, 5, '120541', '120280', 1.3333333333333),
(2460, 5, '120541', '120541', 1),
(2461, 5, '120541', '120831', 1.3333333333333),
(2462, 5, '120541', '120833', 1),
(2463, 5, '120541', '121461', 1.3333333333333),
(2464, 5, '120831', '100043', 0.6),
(2465, 5, '120831', '114881', 0.75),
(2466, 5, '120831', '116014', 0.75),
(2467, 5, '120831', '116020', 0.6),
(2468, 5, '120831', '118382', 0.6),
(2469, 5, '120831', '120280', 1),
(2470, 5, '120831', '120541', 0.75),
(2471, 5, '120831', '120831', 1),
(2472, 5, '120831', '120833', 0.75),
(2473, 5, '120831', '121461', 1),
(2474, 5, '120833', '100043', 0.8),
(2475, 5, '120833', '114881', 1),
(2476, 5, '120833', '116014', 1),
(2477, 5, '120833', '116020', 0.8),
(2478, 5, '120833', '118382', 0.8),
(2479, 5, '120833', '120280', 1.3333333333333),
(2480, 5, '120833', '120541', 1),
(2481, 5, '120833', '120831', 1.3333333333333),
(2482, 5, '120833', '120833', 1),
(2483, 5, '120833', '121461', 1.3333333333333),
(2484, 5, '121461', '100043', 0.6),
(2485, 5, '121461', '114881', 0.75),
(2486, 5, '121461', '116014', 0.75),
(2487, 5, '121461', '116020', 0.6),
(2488, 5, '121461', '118382', 0.6),
(2489, 5, '121461', '120280', 1),
(2490, 5, '121461', '120541', 0.75),
(2491, 5, '121461', '120831', 1),
(2492, 5, '121461', '120833', 0.75),
(2493, 5, '121461', '121461', 1),
(2594, 1, '100043', '100043', 0),
(2595, 1, '100043', '114881', 0),
(2596, 1, '100043', '116014', 0),
(2597, 1, '100043', '116020', 0),
(2598, 1, '100043', '118382', 0),
(2599, 1, '100043', '120280', 0),
(2600, 1, '100043', '120541', 0),
(2601, 1, '100043', '120831', 0),
(2602, 1, '100043', '120833', 0),
(2603, 1, '100043', '121461', 0),
(2604, 1, '114881', '100043', 0),
(2605, 1, '114881', '114881', 0),
(2606, 1, '114881', '116014', 0),
(2607, 1, '114881', '116020', 0),
(2608, 1, '114881', '118382', 0),
(2609, 1, '114881', '120280', 0),
(2610, 1, '114881', '120541', 0),
(2611, 1, '114881', '120831', 0),
(2612, 1, '114881', '120833', 0),
(2613, 1, '114881', '121461', 0),
(2614, 1, '116014', '100043', 0),
(2615, 1, '116014', '114881', 0),
(2616, 1, '116014', '116014', 0),
(2617, 1, '116014', '116020', 0),
(2618, 1, '116014', '118382', 0),
(2619, 1, '116014', '120280', 0),
(2620, 1, '116014', '120541', 0),
(2621, 1, '116014', '120831', 0),
(2622, 1, '116014', '120833', 0),
(2623, 1, '116014', '121461', 0),
(2624, 1, '116020', '100043', 0),
(2625, 1, '116020', '114881', 0),
(2626, 1, '116020', '116014', 0),
(2627, 1, '116020', '116020', 0),
(2628, 1, '116020', '118382', 0),
(2629, 1, '116020', '120280', 0),
(2630, 1, '116020', '120541', 0),
(2631, 1, '116020', '120831', 0),
(2632, 1, '116020', '120833', 0),
(2633, 1, '116020', '121461', 0),
(2634, 1, '118382', '100043', 0),
(2635, 1, '118382', '114881', 0),
(2636, 1, '118382', '116014', 0),
(2637, 1, '118382', '116020', 0),
(2638, 1, '118382', '118382', 0),
(2639, 1, '118382', '120280', 0),
(2640, 1, '118382', '120541', 0),
(2641, 1, '118382', '120831', 0),
(2642, 1, '118382', '120833', 0),
(2643, 1, '118382', '121461', 0),
(2644, 1, '120280', '100043', 0),
(2645, 1, '120280', '114881', 0),
(2646, 1, '120280', '116014', 0),
(2647, 1, '120280', '116020', 0),
(2648, 1, '120280', '118382', 0),
(2649, 1, '120280', '120280', 0),
(2650, 1, '120280', '120541', 0),
(2651, 1, '120280', '120831', 0),
(2652, 1, '120280', '120833', 0),
(2653, 1, '120280', '121461', 0),
(2654, 1, '120541', '100043', 0),
(2655, 1, '120541', '114881', 0),
(2656, 1, '120541', '116014', 0),
(2657, 1, '120541', '116020', 0),
(2658, 1, '120541', '118382', 0),
(2659, 1, '120541', '120280', 0),
(2660, 1, '120541', '120541', 0),
(2661, 1, '120541', '120831', 0),
(2662, 1, '120541', '120833', 0),
(2663, 1, '120541', '121461', 0),
(2664, 1, '120831', '100043', 0),
(2665, 1, '120831', '114881', 0),
(2666, 1, '120831', '116014', 0),
(2667, 1, '120831', '116020', 0),
(2668, 1, '120831', '118382', 0),
(2669, 1, '120831', '120280', 0),
(2670, 1, '120831', '120541', 0),
(2671, 1, '120831', '120831', 0),
(2672, 1, '120831', '120833', 0),
(2673, 1, '120831', '121461', 0),
(2674, 1, '120833', '100043', 0),
(2675, 1, '120833', '114881', 0),
(2676, 1, '120833', '116014', 0),
(2677, 1, '120833', '116020', 0),
(2678, 1, '120833', '118382', 0),
(2679, 1, '120833', '120280', 0),
(2680, 1, '120833', '120541', 0),
(2681, 1, '120833', '120831', 0),
(2682, 1, '120833', '120833', 0),
(2683, 1, '120833', '121461', 0),
(2684, 1, '121461', '100043', 0),
(2685, 1, '121461', '114881', 0),
(2686, 1, '121461', '116014', 0),
(2687, 1, '121461', '116020', 0),
(2688, 1, '121461', '118382', 0),
(2689, 1, '121461', '120280', 0),
(2690, 1, '121461', '120541', 0),
(2691, 1, '121461', '120831', 0),
(2692, 1, '121461', '120833', 0),
(2693, 1, '121461', '121461', 0),
(2794, 2, '100043', '100043', 0),
(2795, 2, '100043', '114881', 0),
(2796, 2, '100043', '116014', 0),
(2797, 2, '100043', '116020', 0),
(2798, 2, '100043', '118382', 0),
(2799, 2, '100043', '120280', 0),
(2800, 2, '100043', '120541', 0),
(2801, 2, '100043', '120831', 0),
(2802, 2, '100043', '120833', 0),
(2803, 2, '100043', '121461', 0),
(2804, 2, '114881', '100043', 0),
(2805, 2, '114881', '114881', 0),
(2806, 2, '114881', '116014', 0),
(2807, 2, '114881', '116020', 0),
(2808, 2, '114881', '118382', 0),
(2809, 2, '114881', '120280', 0),
(2810, 2, '114881', '120541', 0),
(2811, 2, '114881', '120831', 0),
(2812, 2, '114881', '120833', 0),
(2813, 2, '114881', '121461', 0),
(2814, 2, '116014', '100043', 0),
(2815, 2, '116014', '114881', 0),
(2816, 2, '116014', '116014', 0),
(2817, 2, '116014', '116020', 0),
(2818, 2, '116014', '118382', 0),
(2819, 2, '116014', '120280', 0),
(2820, 2, '116014', '120541', 0),
(2821, 2, '116014', '120831', 0),
(2822, 2, '116014', '120833', 0),
(2823, 2, '116014', '121461', 0),
(2824, 2, '116020', '100043', 0),
(2825, 2, '116020', '114881', 0),
(2826, 2, '116020', '116014', 0),
(2827, 2, '116020', '116020', 0),
(2828, 2, '116020', '118382', 0),
(2829, 2, '116020', '120280', 0),
(2830, 2, '116020', '120541', 0),
(2831, 2, '116020', '120831', 0),
(2832, 2, '116020', '120833', 0),
(2833, 2, '116020', '121461', 0),
(2834, 2, '118382', '100043', 0),
(2835, 2, '118382', '114881', 0),
(2836, 2, '118382', '116014', 0),
(2837, 2, '118382', '116020', 0),
(2838, 2, '118382', '118382', 0),
(2839, 2, '118382', '120280', 0),
(2840, 2, '118382', '120541', 0),
(2841, 2, '118382', '120831', 0),
(2842, 2, '118382', '120833', 0),
(2843, 2, '118382', '121461', 0),
(2844, 2, '120280', '100043', 0),
(2845, 2, '120280', '114881', 0),
(2846, 2, '120280', '116014', 0),
(2847, 2, '120280', '116020', 0),
(2848, 2, '120280', '118382', 0),
(2849, 2, '120280', '120280', 0),
(2850, 2, '120280', '120541', 0),
(2851, 2, '120280', '120831', 0),
(2852, 2, '120280', '120833', 0),
(2853, 2, '120280', '121461', 0),
(2854, 2, '120541', '100043', 0),
(2855, 2, '120541', '114881', 0),
(2856, 2, '120541', '116014', 0),
(2857, 2, '120541', '116020', 0),
(2858, 2, '120541', '118382', 0),
(2859, 2, '120541', '120280', 0),
(2860, 2, '120541', '120541', 0),
(2861, 2, '120541', '120831', 0),
(2862, 2, '120541', '120833', 0),
(2863, 2, '120541', '121461', 0),
(2864, 2, '120831', '100043', 0),
(2865, 2, '120831', '114881', 0),
(2866, 2, '120831', '116014', 0),
(2867, 2, '120831', '116020', 0),
(2868, 2, '120831', '118382', 0),
(2869, 2, '120831', '120280', 0),
(2870, 2, '120831', '120541', 0),
(2871, 2, '120831', '120831', 0),
(2872, 2, '120831', '120833', 0),
(2873, 2, '120831', '121461', 0),
(2874, 2, '120833', '100043', 0),
(2875, 2, '120833', '114881', 0),
(2876, 2, '120833', '116014', 0),
(2877, 2, '120833', '116020', 0),
(2878, 2, '120833', '118382', 0),
(2879, 2, '120833', '120280', 0),
(2880, 2, '120833', '120541', 0),
(2881, 2, '120833', '120831', 0),
(2882, 2, '120833', '120833', 0),
(2883, 2, '120833', '121461', 0),
(2884, 2, '121461', '100043', 0),
(2885, 2, '121461', '114881', 0),
(2886, 2, '121461', '116014', 0),
(2887, 2, '121461', '116020', 0),
(2888, 2, '121461', '118382', 0),
(2889, 2, '121461', '120280', 0),
(2890, 2, '121461', '120541', 0),
(2891, 2, '121461', '120831', 0),
(2892, 2, '121461', '120833', 0),
(2893, 2, '121461', '121461', 0);

-- --------------------------------------------------------

--
-- Table structure for table `tbl_bobotk`
--

CREATE TABLE `tbl_bobotk` (
  `no` int(11) NOT NULL,
  `kriteria1` int(11) DEFAULT NULL,
  `kriteria2` int(11) DEFAULT NULL,
  `bobot` double DEFAULT NULL
) ENGINE=InnoDB DEFAULT CHARSET=utf8;

--
-- Dumping data for table `tbl_bobotk`
--

INSERT INTO `tbl_bobotk` (`no`, `kriteria1`, `kriteria2`, `bobot`) VALUES
(351, 1, 1, 1),
(352, 1, 2, 0.9),
(353, 1, 3, 1.125),
(354, 1, 4, 1.2857142857143),
(355, 1, 5, 1.5),
(356, 2, 1, 1.1111111111111),
(357, 2, 2, 1),
(358, 2, 3, 1.25),
(359, 2, 4, 1.4285714285714),
(360, 2, 5, 1.6666666666667),
(361, 3, 1, 0.88888888888889),
(362, 3, 2, 0.8),
(363, 3, 3, 1),
(364, 3, 4, 1.1428571428571),
(365, 3, 5, 1.3333333333333),
(366, 4, 1, 0.77777777777778),
(367, 4, 2, 0.7),
(368, 4, 3, 0.875),
(369, 4, 4, 1),
(370, 4, 5, 1.1666666666667),
(371, 5, 1, 0.66666666666667),
(372, 5, 2, 0.6),
(373, 5, 3, 0.75),
(374, 5, 4, 0.85714285714286),
(375, 5, 5, 1);

-- --------------------------------------------------------

--
-- Table structure for table `tbl_hasil`
--

CREATE TABLE `tbl_hasil` (
  `nomor` int(11) NOT NULL,
  `tanggal` int(11) DEFAULT NULL,
  `hasil` text DEFAULT NULL,
  `rinci` mediumtext NOT NULL
) ENGINE=InnoDB DEFAULT CHARSET=utf8;

-- --------------------------------------------------------

--
-- Table structure for table `tbl_kriteria`
--

CREATE TABLE `tbl_kriteria` (
  `id_kriteria` int(11) NOT NULL,
  `nama_kriteria` varchar(40) DEFAULT NULL,
  `bobot` int(2) NOT NULL,
  `aktif` int(1) NOT NULL DEFAULT 0
) ENGINE=InnoDB DEFAULT CHARSET=utf8;

--
-- Dumping data for table `tbl_kriteria`
--

INSERT INTO `tbl_kriteria` (`id_kriteria`, `nama_kriteria`, `bobot`, `aktif`) VALUES
(1, 'Absensi (Kehadiran)', 9, 1),
(2, 'Ide Proposal', 10, 1),
(3, 'Kepatuhan Datang Tepat Waktu', 8, 1),
(4, 'Skill', 7, 1),
(5, 'Kemampuan Komunikasi', 6, 1);

--
-- Triggers `tbl_kriteria`
--
DELIMITER $$
CREATE TRIGGER `hapusKrta` BEFORE DELETE ON `tbl_kriteria` FOR EACH ROW BEGIN
DELETE FROM tbl_bobotalt WHERE tbl_bobotalt.kriteria=old.id_kriteria;
DELETE FROM tbl_bobotk WHERE tbl_bobotk.kriteria1=old.id_kriteria or tbl_bobotk.kriteria2=old.id_kriteria;
DELETE FROM tbl_subk WHERE tbl_subk.kriteria=old.id_kriteria;
DELETE FROM tbl_submas WHERE tbl_submas.kriteria=old.id_kriteria;
END
$$
DELIMITER ;

-- --------------------------------------------------------

--
-- Table structure for table `tbl_subk`
--

CREATE TABLE `tbl_subk` (
  `no` int(11) NOT NULL,
  `kriteria` int(11) NOT NULL,
  `nama_sub` varchar(40) NOT NULL,
  `bobot` double NOT NULL
) ENGINE=InnoDB DEFAULT CHARSET=utf8mb4;

--
-- Dumping data for table `tbl_subk`
--

INSERT INTO `tbl_subk` (`no`, `kriteria`, `nama_sub`, `bobot`) VALUES
(27, 1, 'Tanpa Izin (Full Hadir)', 5),
(28, 1, 'Izin (1-2) kali', 3),
(37, 1, 'Izin lebih dari 2 kali', 2),
(38, 1, 'Tanpa Alasan', 1),
(39, 2, '> 10 ide proposal', 5),
(40, 2, '5-10 ide proposal ', 4),
(41, 2, '1-5 ide proposal', 3),
(42, 2, '0 ide proposal', 1),
(43, 3, '0 Terlambat ', 5),
(44, 3, 'Terlambat 1x', 4),
(45, 3, 'Terlambat 2x', 3),
(46, 3, 'Terlambat 2-5 kali', 2),
(47, 3, 'Terlambat lebih dari 5 kali', 1),
(48, 4, 'Menguasai Semua Job Desk (5 Job)', 5),
(49, 4, 'Menguasai 4 Job Desk', 4),
(50, 4, 'Menguasai 3 Job Desk', 3),
(51, 4, 'Menguasai 2 Job Desk', 2),
(52, 4, 'Menguasai 1 Job Desk', 1),
(53, 5, 'Sangat Baik Sekali', 5),
(54, 5, 'Baik Sekali', 4),
(55, 5, 'Cukup Baik', 3),
(56, 5, 'Kurang', 2),
(57, 5, 'Kurang Sekali', 1);

-- --------------------------------------------------------

--
-- Table structure for table `tbl_submas`
--

CREATE TABLE `tbl_submas` (
  `no` int(11) NOT NULL,
  `id` varchar(16) NOT NULL,
  `kriteria` int(11) NOT NULL,
  `bobot` double NOT NULL
) ENGINE=InnoDB DEFAULT CHARSET=utf8;

--
-- Dumping data for table `tbl_submas`
--

INSERT INTO `tbl_submas` (`no`, `id`, `kriteria`, `bobot`) VALUES
(14, '100043', 1, 5),
(15, '100043', 2, 3),
(16, '100043', 3, 5),
(17, '100043', 4, 5),
(18, '100043', 5, 5),
(19, '114881', 1, 5),
(20, '114881', 2, 5),
(21, '114881', 3, 5),
(22, '114881', 4, 5),
(23, '114881', 5, 4),
(24, '116014', 1, 3),
(25, '116014', 2, 3),
(26, '116014', 3, 3),
(27, '116014', 4, 3),
(28, '116014', 5, 4),
(29, '116020', 1, 5),
(30, '116020', 2, 1),
(31, '116020', 3, 5),
(32, '116020', 4, 4),
(33, '116020', 5, 5),
(34, '118382', 1, 5),
(35, '118382', 2, 5),
(36, '118382', 3, 4),
(37, '118382', 4, 5),
(38, '118382', 5, 5),
(39, '120280', 1, 3),
(40, '120280', 2, 3),
(41, '120280', 3, 4),
(42, '120280', 4, 2),
(43, '120280', 5, 3),
(44, '120541', 1, 5),
(45, '120541', 2, 3),
(46, '120541', 3, 5),
(47, '120541', 4, 1),
(48, '120541', 5, 4),
(49, '120831', 1, 5),
(50, '120831', 2, 4),
(51, '120831', 3, 5),
(52, '120831', 4, 3),
(53, '120831', 5, 3),
(54, '120833', 1, 5),
(55, '120833', 2, 4),
(56, '120833', 3, 5),
(57, '120833', 4, 2),
(58, '120833', 5, 4),
(59, '121461', 1, 5),
(60, '121461', 2, 3),
(61, '121461', 3, 5),
(62, '121461', 4, 2),
(63, '121461', 5, 3);

--
-- Indexes for dumped tables
--

--
-- Indexes for table `app_set`
--
ALTER TABLE `app_set`
  ADD PRIMARY KEY (`id`);

--
-- Indexes for table `master_tbl`
--
ALTER TABLE `master_tbl`
  ADD PRIMARY KEY (`nomor`);

--
-- Indexes for table `mst_akun`
--
ALTER TABLE `mst_akun`
  ADD PRIMARY KEY (`id`);

--
-- Indexes for table `tbl_alternatif`
--
ALTER TABLE `tbl_alternatif`
  ADD PRIMARY KEY (`id`);

--
-- Indexes for table `tbl_bobotalt`
--
ALTER TABLE `tbl_bobotalt`
  ADD PRIMARY KEY (`no`);

--
-- Indexes for table `tbl_bobotk`
--
ALTER TABLE `tbl_bobotk`
  ADD PRIMARY KEY (`no`);

--
-- Indexes for table `tbl_hasil`
--
ALTER TABLE `tbl_hasil`
  ADD PRIMARY KEY (`nomor`);

--
-- Indexes for table `tbl_kriteria`
--
ALTER TABLE `tbl_kriteria`
  ADD PRIMARY KEY (`id_kriteria`);

--
-- Indexes for table `tbl_subk`
--
ALTER TABLE `tbl_subk`
  ADD PRIMARY KEY (`no`);

--
-- Indexes for table `tbl_submas`
--
ALTER TABLE `tbl_submas`
  ADD PRIMARY KEY (`no`);

--
-- AUTO_INCREMENT for dumped tables
--

--
-- AUTO_INCREMENT for table `app_set`
--
ALTER TABLE `app_set`
  MODIFY `id` int(11) NOT NULL AUTO_INCREMENT, AUTO_INCREMENT=2;

--
-- AUTO_INCREMENT for table `master_tbl`
--
ALTER TABLE `master_tbl`
  MODIFY `nomor` int(11) UNSIGNED NOT NULL AUTO_INCREMENT, AUTO_INCREMENT=11;

--
-- AUTO_INCREMENT for table `mst_akun`
--
ALTER TABLE `mst_akun`
  MODIFY `id` int(11) UNSIGNED NOT NULL AUTO_INCREMENT, AUTO_INCREMENT=3;

--
-- AUTO_INCREMENT for table `tbl_bobotalt`
--
ALTER TABLE `tbl_bobotalt`
  MODIFY `no` int(11) NOT NULL AUTO_INCREMENT, AUTO_INCREMENT=2894;

--
-- AUTO_INCREMENT for table `tbl_bobotk`
--
ALTER TABLE `tbl_bobotk`
  MODIFY `no` int(11) NOT NULL AUTO_INCREMENT, AUTO_INCREMENT=376;

--
-- AUTO_INCREMENT for table `tbl_hasil`
--
ALTER TABLE `tbl_hasil`
  MODIFY `nomor` int(11) NOT NULL AUTO_INCREMENT, AUTO_INCREMENT=5;

--
-- AUTO_INCREMENT for table `tbl_kriteria`
--
ALTER TABLE `tbl_kriteria`
  MODIFY `id_kriteria` int(11) NOT NULL AUTO_INCREMENT, AUTO_INCREMENT=6;

--
-- AUTO_INCREMENT for table `tbl_subk`
--
ALTER TABLE `tbl_subk`
  MODIFY `no` int(11) NOT NULL AUTO_INCREMENT, AUTO_INCREMENT=58;

--
-- AUTO_INCREMENT for table `tbl_submas`
--
ALTER TABLE `tbl_submas`
  MODIFY `no` int(11) NOT NULL AUTO_INCREMENT, AUTO_INCREMENT=64;
COMMIT;

/*!40101 SET CHARACTER_SET_CLIENT=@OLD_CHARACTER_SET_CLIENT */;
/*!40101 SET CHARACTER_SET_RESULTS=@OLD_CHARACTER_SET_RESULTS */;
/*!40101 SET COLLATION_CONNECTION=@OLD_COLLATION_CONNECTION */;
